Age,Gender,Weight (kg),Height (m),Max_BPM,Avg_BPM,Workout_Type,Fat_Percentage,BMI
56,Male,88.3,1.71,180,157,Yoga,12.6,30.2
46,Female,74.9,1.53,179,151,HIIT,33.9,32
32,Female,68.1,1.66,167,122,Cardio,33.4,24.71
25,Male,53.2,1.7,190,164,Strength,28.8,18.41
38,Male,46.1,1.79,188,158,Strength,29.2,14.39
56,Female,58,1.68,168,156,HIIT,15.5,20.55
36,Male,70.3,1.72,174,169,Cardio,21.3,23.76
40,Female,69.7,1.51,189,141,Cardio,30.6,30.57
28,Male,121.7,1.94,185,127,Strength,28.9,32.34
28,Male,101.8,1.84,169,136,Cardio,29.7,30.07
41,Male,120.8,1.67,188,146,HIIT,20.5,43.31
53,Male,51.7,1.7,175,152,HIIT,23.6,17.89
57,Male,112.5,1.61,195,165,Cardio,22.1,43.4
41,Male,94.5,2,179,136,HIIT,27.6,23.62
20,Male,117.7,1.81,196,161,Yoga,26.4,35.93
39,Female,42.5,1.75,181,131,Strength,26.2,13.88
19,Female,64,1.53,166,167,HIIT,29.8,27.34
41,Female,43.8,1.77,182,165,Cardio,31.9,13.98
47,Female,66.8,1.75,199,146,Strength,32.8,21.81
55,Female,75.2,1.67,188,167,HIIT,25.2,26.96
19,Male,89,1.77,175,127,Strength,28.9,28.41
38,Male,71.9,1.77,197,142,Cardio,25.7,22.95
50,Female,71,1.68,187,161,Yoga,33.1,25.16
29,Male,120.9,1.78,197,168,Yoga,28.1,38.16
39,Female,64.3,1.69,190,148,HIIT,26.9,22.51
42,Female,63.7,1.71,173,169,Yoga,26.1,21.78
44,Male,65.2,1.8,192,139,HIIT,27.2,20.12
59,Male,53.9,1.75,168,135,Strength,21.6,17.6
45,Male,84.9,1.86,186,136,HIIT,14.2,24.54
33,Female,78,1.68,183,135,HIIT,32.3,27.64
32,Male,108.2,1.8,172,138,HIIT,28.4,33.4
20,Female,65.4,1.52,185,127,Yoga,28,28.31
54,Female,50.2,1.61,188,157,HIIT,28.2,19.37
24,Female,58.9,1.51,187,157,Cardio,31.7,25.83
38,Male,81.4,1.71,187,148,HIIT,10.2,27.84
26,Male,127.6,1.73,167,160,Strength,27.3,42.63
56,Female,59.3,1.56,182,155,Cardio,33.4,24.37
35,Male,96.9,1.71,188,145,Strength,24.2,33.14
21,Male,62.6,1.81,164,150,Strength,27.6,19.11
42,Male,45.5,1.6,166,163,Strength,21.7,17.77
31,Female,48.8,1.51,195,131,Cardio,28.2,21.4
26,Female,44.3,1.6,186,136,Cardio,34.7,17.3
43,Male,113.2,1.83,161,134,Yoga,29.9,33.8
19,Female,60.5,1.59,184,128,Cardio,30.1,23.93
37,Male,124.2,1.76,168,158,HIIT,29.3,40.1
45,Male,52.4,1.85,186,161,Strength,25.2,15.31
24,Male,54.7,1.74,160,167,Yoga,22.9,18.07
25,Male,88.1,1.95,182,131,Cardio,22.7,23.17
52,Female,59.7,1.71,169,151,Strength,34.3,20.42
31,Female,79.7,1.54,184,144,Cardio,26.7,33.61
34,Female,51,1.62,162,158,Yoga,30.8,19.43
53,Male,84.2,1.76,165,137,Cardio,12.8,27.18
57,Male,122.1,1.89,165,134,Cardio,27.4,34.18
21,Male,96.7,1.72,161,151,Strength,25,32.69
19,Female,73,1.79,177,125,HIIT,27.7,22.78
23,Male,114.8,1.6,182,163,Cardio,21.7,44.84
59,Female,65.5,1.52,161,162,Yoga,31.2,28.35
21,Female,50.3,1.52,171,154,Cardio,32.2,21.77
46,Female,61,1.71,181,153,Cardio,17.8,20.86
35,Female,44.6,1.62,196,157,HIIT,32.4,16.99
43,Female,58.2,1.61,179,124,Strength,26.4,22.45
51,Female,44.8,1.63,198,137,Yoga,33.8,16.86
27,Male,87.5,1.63,183,135,Strength,12.9,32.93
53,Male,51.8,1.74,179,127,Strength,21.3,17.11
31,Female,64.4,1.7,160,144,Strength,17.3,22.28
48,Female,67.1,1.61,160,151,Cardio,33.4,25.89
32,Male,85.9,1.6,176,145,HIIT,14.5,33.55
25,Female,65.4,1.77,160,141,Cardio,27.6,20.88
31,Female,61.1,1.76,189,150,Yoga,18.6,19.72
40,Male,106.5,1.65,162,162,HIIT,21,39.12
57,Female,64,1.52,170,129,Strength,15.2,27.7
38,Female,61.4,1.54,183,131,HIIT,30.6,25.89
33,Female,40.5,1.63,181,147,Yoga,31.9,15.24
35,Male,70.1,1.79,185,125,Cardio,28,21.88
41,Male,94.1,1.62,172,139,Cardio,23.4,35.86
43,Male,55.5,1.82,160,124,Strength,20.1,16.76
42,Female,53.7,1.72,183,142,Cardio,29.8,18.15
58,Female,66.1,1.75,169,128,Cardio,25.2,21.58
46,Male,103.9,1.77,194,148,Yoga,20.9,33.16
32,Female,61.7,1.58,183,135,HIIT,16.6,24.72
18,Female,52.3,1.74,187,165,Cardio,29.4,17.27
42,Female,59.5,1.74,195,141,Yoga,16.4,19.65
24,Female,72.9,1.76,175,127,Yoga,30.8,23.53
26,Female,76.7,1.63,199,139,Strength,25.6,28.87
41,Male,72.1,1.83,175,133,Yoga,21.4,21.53
18,Female,54.8,1.68,176,158,Strength,32,19.42
25,Male,105,1.88,174,156,Cardio,21.4,29.71
41,Female,55,1.55,175,169,Strength,31.4,22.89
28,Male,81.6,1.66,174,153,Yoga,20.5,29.61
34,Female,75.6,1.6,193,130,HIIT,29.1,29.53
25,Male,81.5,1.61,170,159,HIIT,10.9,31.44
52,Female,61.5,1.69,160,152,Cardio,15.5,21.53
52,Male,74,1.63,174,150,Cardio,25.7,27.85
50,Female,56.4,1.59,185,163,HIIT,34.3,22.31
22,Male,102.6,1.84,163,153,Strength,20.5,30.3
59,Female,54.6,1.57,164,169,Cardio,29.2,22.15
56,Male,129,1.78,194,126,Yoga,27.1,40.71
58,Male,103.5,1.66,172,168,Cardio,24.6,37.56
45,Female,59.4,1.51,169,142,Strength,33.1,26.05
24,Female,60.1,1.79,170,165,Cardio,15.9,18.76
26,Male,77.7,1.62,177,126,Yoga,29.6,29.61
25,Female,41.2,1.62,193,144,Yoga,28.9,15.7
29,Male,58.6,1.61,198,122,Yoga,23.4,22.61
51,Male,109.3,1.78,182,157,Strength,28.7,34.5
50,Male,69.6,1.96,166,139,Strength,25.6,18.12
40,Female,56.2,1.79,198,153,Yoga,17.6,17.54
41,Male,71.7,1.96,162,168,Yoga,27.3,18.66
54,Male,86,1.93,171,163,Strength,12.9,23.09
52,Female,79.4,1.59,166,163,Strength,26.6,31.41
57,Female,78.4,1.62,185,149,Strength,31.7,29.87
39,Female,55.4,1.6,192,136,HIIT,26.3,21.64
44,Female,61.7,1.55,196,129,Strength,33.1,25.68
52,Male,85.5,1.82,174,154,Yoga,14.9,25.81
18,Male,87.6,1.93,161,139,HIIT,11.9,23.52
52,Male,82.4,1.72,166,137,Strength,24.4,27.85
54,Male,67,1.68,191,164,Yoga,20.5,23.74
31,Female,42.3,1.6,163,163,Cardio,25.1,16.52
20,Male,82.7,1.99,179,146,HIIT,14.6,20.88
18,Male,92.4,1.74,195,168,Yoga,21.3,30.52
22,Female,63.2,1.54,191,155,Cardio,29.5,26.65
43,Male,82.7,1.85,187,142,Yoga,28.2,24.16
31,Male,86.6,1.76,172,151,Strength,28.9,27.96
56,Male,129.5,1.95,160,129,Strength,25.2,34.06
44,Male,98,1.83,194,130,Cardio,25.7,29.26
26,Male,86.2,1.68,189,157,Strength,13.3,30.54
32,Male,78.6,1.62,195,125,Yoga,29.6,29.95
32,Female,59,1.66,184,160,Cardio,31,21.41
43,Female,57.3,1.79,175,166,Yoga,17.8,17.88
59,Male,122.3,1.89,178,153,Yoga,20.1,34.24
30,Male,85.3,1.95,160,155,Yoga,10.4,22.43
49,Female,45.2,1.74,164,156,Strength,30.8,14.93
56,Male,55.6,1.92,181,136,Strength,29.4,15.08
49,Male,82.8,1.95,183,159,Yoga,14.3,21.78
21,Male,125.2,1.66,196,159,HIIT,29.8,45.43
47,Female,58.5,1.79,195,131,Yoga,30.3,18.26
54,Male,86.1,1.95,195,140,Yoga,27.9,22.64
40,Female,63.5,1.61,163,159,Cardio,33.4,24.5
56,Male,69.3,1.68,195,138,Yoga,26.5,24.55
32,Female,70.5,1.62,177,122,Strength,28.4,26.86
46,Female,60.1,1.65,175,137,Cardio,17.3,22.08
53,Male,94.1,1.95,177,138,HIIT,28.6,24.75
30,Female,79.2,1.62,181,166,Cardio,28,30.18
49,Male,115.3,1.91,161,125,HIIT,29.2,31.61
24,Female,62.9,1.79,180,135,Cardio,27.3,19.63
39,Male,62,1.64,195,127,Cardio,27.5,23.05
45,Male,88.5,1.78,198,167,HIIT,13.2,27.93
19,Female,73.9,1.77,198,137,Strength,32.5,23.59
59,Male,50.3,1.95,188,167,Strength,24.4,13.23
23,Male,83.1,1.8,185,162,Strength,29.3,25.65
45,Female,65.1,1.78,180,158,Cardio,31.3,20.55
45,Male,46.6,1.79,176,168,Yoga,22.9,14.54
37,Male,103.5,1.89,175,168,Cardio,26.4,28.97
47,Female,61.9,1.54,190,131,Yoga,16.4,26.1
28,Female,52,1.61,168,164,Yoga,27.9,20.06
45,Male,113.4,1.71,190,129,Strength,24,38.78
42,Male,62.9,1.98,173,126,Yoga,28.5,16.04
56,Female,40.4,1.8,196,165,Cardio,30,12.47
50,Female,67.1,1.75,161,120,Cardio,31.8,21.91
18,Male,70,1.61,173,168,Strength,23.9,27.01
44,Female,69.5,1.75,192,155,HIIT,27.6,22.69
30,Male,107.9,1.66,194,140,Cardio,29.5,39.16
58,Male,109,1.91,198,156,Yoga,26,29.88
20,Male,101,1.91,179,143,Cardio,29.3,27.69
56,Male,88.5,1.85,161,144,Cardio,11,25.86
23,Male,80.9,1.8,178,126,Cardio,10.7,24.97
25,Female,43.1,1.62,196,161,HIIT,33.6,16.42
44,Female,59.1,1.52,177,136,Yoga,18.4,25.58
26,Female,54,1.53,175,148,Strength,26.9,23.07
54,Female,72.3,1.78,163,149,Cardio,27.7,22.82
50,Male,51.1,1.98,171,126,Yoga,28,13.03
59,Male,89.4,1.72,188,152,Yoga,24.5,30.22
41,Male,51.5,1.8,166,126,Strength,26.7,15.9
32,Male,87.9,1.88,173,143,Cardio,11.6,24.87
49,Female,42,1.52,171,130,HIIT,28.8,18.18
49,Male,79.2,1.72,194,128,Yoga,29.9,26.77
41,Male,64.8,1.71,164,131,Strength,22.5,22.16
58,Female,63,1.78,176,154,HIIT,17.5,19.88
29,Female,56.2,1.77,191,123,Yoga,33.4,17.94
56,Female,52.9,1.64,169,155,Cardio,27.4,19.67
19,Female,49,1.69,176,147,Yoga,29.2,17.16
20,Male,128.2,1.84,164,132,HIIT,26.2,37.87
54,Male,83.6,1.86,168,142,HIIT,12.4,24.16
34,Female,56.2,1.77,192,138,Cardio,17.3,17.94
19,Male,87.8,1.78,195,161,Cardio,23.6,27.71
19,Male,85.9,1.85,195,156,Strength,12.9,25.1
45,Male,51.1,1.87,177,158,Cardio,26.2,14.61
40,Female,57.4,1.71,168,143,Strength,18.3,19.63
54,Male,114.9,1.92,188,135,HIIT,20.7,31.17
49,Female,62.1,1.66,173,152,HIIT,31.3,22.54
50,Male,57.1,1.91,184,131,Yoga,29.5,15.65
18,Male,68.1,1.8,174,153,Yoga,25.4,21.02
36,Male,69.2,1.65,165,126,Strength,27.2,25.42
19,Female,65.2,1.52,188,130,Cardio,30.6,28.22
43,Male,108.6,1.73,174,150,Cardio,28.5,36.29
49,Female,40,1.65,188,148,Yoga,34.3,14.69
23,Female,41.9,1.58,163,132,HIIT,26.8,16.78
49,Female,68.3,1.52,177,150,Strength,29.4,29.56
21,Male,88.4,1.6,198,121,HIIT,12,34.53
28,Male,66,1.9,175,158,HIIT,24.1,18.28
34,Male,71.9,1.64,170,134,Cardio,21.3,26.73
55,Male,75.6,1.71,173,130,Strength,28.1,25.85
41,Female,63.4,1.59,162,153,HIIT,15.2,25.08
22,Female,71.6,1.77,197,158,Yoga,30.3,22.85
51,Female,57.4,1.77,177,123,Yoga,31.6,18.32
23,Male,83.8,1.99,179,130,Cardio,11,21.16
39,Female,55.9,1.71,184,148,Yoga,19.5,19.12
28,Male,87,1.76,197,121,Yoga,28.4,28.09
33,Female,65.3,1.71,172,135,HIIT,29.7,22.33
50,Male,45.4,1.67,163,158,Yoga,24.1,16.28
26,Male,87.1,1.87,173,132,Yoga,11.2,24.91
23,Female,78.6,1.73,192,156,HIIT,32.3,26.26
33,Female,78,1.71,187,136,Cardio,26.3,26.67
46,Female,58,1.53,196,140,Cardio,18.4,24.78
20,Female,71.3,1.69,167,163,Strength,33.4,24.96
37,Male,49.1,1.74,193,138,Yoga,22.3,16.22
53,Female,78.3,1.65,164,126,HIIT,33.7,28.76
36,Female,57.3,1.64,164,157,Strength,25.3,21.3
43,Female,48.4,1.61,190,127,Cardio,34.1,18.67
20,Male,76.4,1.62,168,132,Cardio,21.2,29.11
36,Male,110.2,1.77,191,156,HIIT,26.5,35.18
37,Female,72.9,1.76,192,121,Strength,27.5,23.53
49,Male,82.1,1.86,162,160,Strength,14.2,23.73
24,Female,58.9,1.76,189,130,HIIT,30.1,19.01
58,Male,82.2,1.87,171,143,HIIT,10.7,23.51
50,Male,96.7,1.72,188,125,Strength,25.7,32.69
57,Male,81.4,1.86,162,145,Cardio,12,23.53
56,Male,107.8,1.73,185,126,Yoga,26.6,36.02
35,Female,65.8,1.62,189,158,Cardio,33.8,25.07
57,Female,68.5,1.56,168,138,HIIT,29.1,28.15
18,Female,63.9,1.59,185,125,Strength,16.4,25.28
28,Male,76.3,1.62,161,162,Strength,20.1,29.07
45,Female,44.5,1.65,162,148,Yoga,30.7,16.35
42,Female,50.7,1.75,163,162,Strength,29,16.56
40,Female,55.1,1.61,184,158,Yoga,16.9,21.26
48,Male,73.7,1.61,172,121,Cardio,21.8,28.43
47,Male,55.6,1.77,198,138,Cardio,24.3,17.75
59,Male,86.9,1.76,194,123,Strength,29.8,28.05
52,Female,60.3,1.68,182,125,Strength,16.5,21.36
24,Female,40.4,1.64,168,168,HIIT,31,15.02
33,Female,78.5,1.66,161,156,HIIT,32.8,28.49
43,Male,102.6,1.72,190,147,Strength,27.5,34.68
19,Male,110.8,1.91,161,149,Strength,23.3,30.37
18,Female,60.9,1.79,191,126,Cardio,31.1,19.01
29,Male,55.7,1.61,177,128,Strength,28.7,21.49
22,Male,110.5,1.92,172,144,HIIT,20.2,29.98
54,Male,55.2,1.71,164,152,Cardio,24.4,18.88
49,Male,46.5,1.72,169,120,Yoga,22.2,15.72
26,Female,70.9,1.66,184,125,HIIT,28.9,25.73
58,Male,74.6,1.75,193,137,HIIT,24.2,24.36
52,Male,45.1,1.72,196,129,Cardio,27.5,15.24
36,Male,99.9,1.99,189,147,Yoga,20.9,25.23
33,Male,117,1.61,166,130,HIIT,25.1,45.14
20,Female,75.9,1.73,165,152,Strength,30.6,25.36
37,Female,71.2,1.64,162,120,HIIT,29.9,26.47
41,Male,78.8,1.72,172,132,Cardio,27.3,26.64
50,Male,50.6,1.69,162,156,Cardio,23.8,17.72
41,Male,82.5,1.79,185,139,Cardio,14.7,25.75
28,Male,108.5,1.79,183,120,HIIT,24.8,33.86
25,Male,49.9,1.98,165,122,Yoga,25.7,12.73
53,Male,125.1,1.91,171,137,Strength,28.3,34.29
55,Female,79.7,1.66,195,160,Cardio,27.8,28.92
57,Male,126.8,1.63,161,133,Yoga,20.8,47.72
37,Female,54.6,1.57,170,150,Strength,32.1,22.15
52,Female,47.8,1.54,198,146,Cardio,29.8,20.16
42,Male,97.9,1.91,193,136,Strength,29,26.84
52,Female,63.1,1.54,185,165,Strength,34.8,26.61
42,Female,72.4,1.69,177,148,Yoga,29,25.35
46,Female,58.9,1.7,180,155,Strength,17.1,20.38
35,Female,50.4,1.6,195,156,Cardio,29.1,19.69
35,Female,64.2,1.59,199,145,Yoga,16.6,25.39
19,Female,58.8,1.77,181,136,HIIT,32.8,18.77
52,Male,105.2,1.62,189,141,HIIT,27.6,40.09
33,Female,45.9,1.5,189,144,Yoga,29.8,20.4
58,Female,65.2,1.63,167,121,HIIT,25.4,24.54
53,Female,56.3,1.79,193,141,Strength,16.5,17.57
50,Male,90,1.7,168,124,Cardio,22.9,31.14
21,Female,60,1.7,179,123,Strength,19.1,20.76
50,Male,51.5,1.71,199,155,Yoga,20.9,17.61
31,Female,63.1,1.64,184,125,Cardio,19,23.46
38,Male,91.5,1.77,178,140,Yoga,26.7,29.21
37,Male,48.7,1.67,164,132,Yoga,27.3,17.46
25,Female,57.8,1.56,170,156,Yoga,29.3,23.75
24,Female,42,1.75,174,144,Strength,31.8,13.71
20,Male,128.4,1.92,167,145,Cardio,26.1,34.83
34,Female,74.2,1.57,178,158,Cardio,32.7,30.1
50,Male,89.6,1.68,182,139,Cardio,12.2,31.75
29,Male,125.9,2,186,152,Strength,24.7,31.48
39,Male,105.5,1.99,199,133,HIIT,26.4,26.64
39,Male,93.4,1.7,191,155,Strength,21.1,32.32
47,Male,82.1,1.84,185,136,Strength,24.4,24.25
55,Female,42.9,1.69,186,140,Yoga,34.7,15.02
55,Male,128.4,1.68,178,165,Cardio,20.4,45.49
25,Male,112.4,1.96,188,135,Cardio,23.2,29.26
44,Female,77.7,1.79,198,165,HIIT,28.1,24.25
44,Male,89.3,1.99,192,135,HIIT,26.3,22.55
51,Female,70.3,1.55,178,139,Yoga,26.1,29.26
38,Female,59.1,1.72,196,148,Cardio,31.3,19.98
47,Female,49.9,1.69,178,147,HIIT,26,17.47
50,Male,101.7,1.67,192,127,HIIT,20.9,36.47
45,Male,93,1.91,175,143,Cardio,27.3,25.49
50,Male,87.4,1.6,182,122,Strength,23.2,34.14
22,Female,55.1,1.61,166,144,HIIT,19.9,21.26
36,Male,123.7,1.69,185,138,Cardio,20.4,43.31
21,Female,61.3,1.57,191,152,HIIT,17.2,24.87
52,Male,72.3,1.94,171,121,Yoga,21.1,19.21
34,Female,69.2,1.53,167,134,HIIT,28.5,29.56
45,Male,81.4,1.61,164,141,Cardio,30,31.4
47,Male,84.8,1.86,187,129,HIIT,14.4,24.51
46,Male,55.1,1.72,164,137,Yoga,20.5,18.62
23,Female,59,1.78,185,141,Yoga,17.8,18.62
52,Female,64.9,1.51,164,165,HIIT,18.2,28.46
58,Male,109.7,1.75,181,168,HIIT,22.1,35.82
54,Male,78.4,1.9,174,146,Yoga,21.5,21.72
41,Female,76.7,1.79,172,132,Yoga,34,23.94
46,Female,63.1,1.61,187,152,Strength,34.7,24.34
48,Female,62.9,1.58,192,124,Strength,20,25.2
52,Male,85.6,1.74,182,145,Yoga,13.9,28.27
50,Female,66.3,1.57,192,132,HIIT,31.6,26.9
38,Male,61.3,1.97,177,146,Cardio,23.5,15.8
49,Female,44.1,1.65,189,133,HIIT,26.7,16.2
40,Male,63.8,1.62,185,143,HIIT,20.8,24.31
50,Female,55.4,1.55,175,122,Strength,18.5,23.06
20,Female,74.7,1.58,172,166,Strength,32.8,29.92
35,Female,78,1.67,198,168,Strength,33.3,27.97
42,Female,57.5,1.67,192,149,Yoga,34.1,20.62
59,Female,60.7,1.73,185,154,Yoga,33.8,20.28
48,Male,69,1.74,160,167,HIIT,30,22.79
20,Female,75.8,1.78,197,133,HIIT,27.4,23.92
57,Female,75.7,1.63,161,131,Cardio,32.6,28.49
41,Female,71.2,1.64,165,147,HIIT,30.9,26.47
49,Male,85,1.68,197,163,HIIT,11.3,30.12
39,Female,63.6,1.56,183,148,Strength,34.8,26.13
40,Male,73.2,1.94,177,162,Strength,29,19.45
19,Female,48.3,1.52,186,136,Strength,26.3,20.91
44,Female,42.8,1.78,167,159,Strength,25.3,13.51
59,Male,88.1,1.76,187,168,Strength,26.9,28.44
19,Female,72.4,1.75,169,140,Cardio,31,23.64
43,Male,73.2,1.88,176,142,Cardio,29.4,20.71
34,Male,110.5,1.86,188,139,Cardio,22.3,31.94
57,Female,46.1,1.76,165,130,Strength,25.8,14.88
50,Male,90.8,1.71,173,153,Yoga,22.6,31.05
26,Female,59.3,1.51,181,129,Strength,15.1,26.01
56,Female,45.1,1.73,165,129,Strength,25.4,15.07
46,Male,45,1.77,185,162,Cardio,29.1,14.36
59,Male,89.4,1.62,198,125,Strength,23.5,34.06
43,Male,127.7,1.69,171,155,Cardio,24.1,44.71
52,Male,70.9,1.72,194,143,Strength,20.2,23.97
42,Female,49.2,1.5,173,131,HIIT,27.7,21.87
41,Female,62.3,1.79,181,162,Yoga,19,19.44
30,Male,64.1,1.87,182,142,Yoga,26.2,18.33
24,Female,69.7,1.75,166,146,Cardio,32.5,22.76
53,Female,56.9,1.59,199,164,HIIT,29.5,22.51
37,Female,53,1.71,184,156,Yoga,28.1,18.13
18,Female,72.7,1.55,172,125,Cardio,29.8,30.26
25,Male,76.5,1.96,180,120,Strength,23.2,19.91
33,Male,113.6,1.99,169,125,Strength,28.4,28.69
31,Female,62.5,1.62,168,169,HIIT,16.5,23.81
29,Male,95.2,1.86,174,141,Yoga,26.6,27.52
40,Male,51.7,1.82,161,160,Strength,21.4,15.61
32,Male,105.3,1.67,184,143,Cardio,26.9,37.76
45,Female,71.2,1.68,172,144,Strength,34.1,25.23
51,Female,78.1,1.51,193,134,Strength,31.1,34.25
19,Female,50.6,1.68,193,145,Yoga,30.6,17.93
49,Male,70.2,1.89,194,127,Yoga,29.6,19.65
40,Female,62.6,1.53,197,143,Cardio,18.1,26.74
39,Female,60.6,1.65,162,167,HIIT,27.6,22.26
42,Male,76.4,1.97,165,157,HIIT,22.9,19.69
39,Female,63.3,1.71,178,125,Strength,18.5,21.65
39,Female,68.6,1.64,162,154,Cardio,32.4,25.51
59,Male,123.3,1.88,177,161,HIIT,23,34.89
23,Male,107,1.94,198,120,HIIT,23.5,28.43
32,Male,68.3,1.92,168,165,Strength,29.9,18.53
54,Female,47.8,1.6,171,155,Cardio,26,18.67
50,Female,58.4,1.79,164,131,HIIT,17,18.23
25,Female,74.3,1.71,162,157,Yoga,25.6,25.41
22,Male,106.8,1.82,170,130,Yoga,28.2,32.24
56,Male,125.5,1.8,189,131,Strength,20.9,38.73
21,Female,55.2,1.55,163,161,Strength,31.7,22.98
23,Female,71.4,1.72,164,169,Strength,25.6,24.13
49,Male,77.7,1.61,160,158,Strength,26.7,29.98
47,Male,88.4,1.6,186,126,HIIT,14.2,34.53
52,Male,104.8,1.99,187,130,Cardio,24,26.46
57,Male,82.2,1.69,188,155,Strength,25.2,28.78
33,Female,68.2,1.75,177,150,Strength,29,22.27
30,Male,91.4,1.99,171,152,HIIT,23,23.08
59,Female,42.1,1.65,172,132,Strength,33,15.46
47,Female,68.7,1.76,161,137,Strength,27.7,22.18
36,Female,47.2,1.74,196,160,Cardio,32.2,15.59
34,Male,92,1.76,175,143,Yoga,22.1,29.7
36,Male,56.2,1.95,183,128,Strength,22.5,14.78
45,Male,58.4,1.72,194,150,HIIT,23.4,19.74
43,Male,82.9,1.95,181,160,Cardio,12.9,21.8
54,Female,66.9,1.74,195,129,HIIT,29.5,22.1
43,Male,66.3,1.85,170,121,Cardio,27.5,19.37
40,Male,93.6,1.93,188,157,Cardio,22.1,25.13
26,Female,64.1,1.5,194,134,Strength,15.1,28.49
29,Male,86.7,1.62,174,122,Strength,13.9,33.04
18,Female,62,1.59,190,162,Strength,33.2,24.52
18,Female,58.1,1.61,175,150,Yoga,15.3,22.41
51,Female,64.9,1.6,169,125,Yoga,31.1,25.35
49,Female,69.3,1.62,191,122,HIIT,28.8,26.41
42,Female,42.7,1.74,161,130,Strength,32.9,14.1
57,Female,51.4,1.63,183,134,Yoga,33.7,19.35
18,Female,67.4,1.6,182,164,Strength,33.5,26.33
33,Female,55.6,1.61,161,147,Yoga,18.9,21.45
56,Male,125.3,1.86,197,129,Yoga,22.7,36.22
22,Male,102.1,1.85,190,157,Cardio,28.1,29.83
39,Male,61.9,1.77,199,166,Strength,25.3,19.76
46,Male,108.8,1.64,185,169,Strength,20.5,40.45
20,Female,51.1,1.58,188,169,Yoga,29.6,20.47
29,Male,81.7,1.99,162,126,Strength,29.4,20.63
43,Female,42.7,1.66,173,134,Yoga,33.9,15.5
33,Male,81.8,1.99,184,137,Strength,10.5,20.66
54,Male,54.6,1.76,160,137,Cardio,27.4,17.63
39,Male,107.7,1.88,162,160,Strength,28.1,30.47
46,Female,56.9,1.6,185,143,Cardio,27.7,22.23
31,Male,78.8,1.71,177,121,HIIT,24.7,26.95
45,Female,48.2,1.64,168,159,Strength,32.1,17.92
22,Female,50.7,1.59,197,139,Strength,29.4,20.05
47,Male,86.6,1.99,182,153,Strength,10.6,21.87
22,Male,96.3,1.63,180,162,Cardio,27.1,36.25
29,Male,80.8,1.98,160,145,Strength,14.6,20.61
33,Female,58,1.53,180,126,Strength,18.3,24.78
43,Male,95.9,1.85,186,157,Yoga,27.7,28.02
43,Female,61.5,1.58,165,149,HIIT,16.8,24.64
38,Female,40.6,1.79,195,161,Cardio,26.8,12.67
56,Male,82.5,1.87,187,124,Yoga,13.2,23.59
53,Male,105.1,1.84,176,130,Cardio,23.3,31.04
50,Female,58.1,1.58,199,120,Yoga,19.3,23.27
47,Female,61,1.76,162,153,HIIT,15.6,19.69
54,Female,64.5,1.53,171,120,Yoga,17.2,27.55
40,Male,58.2,1.98,198,138,Cardio,24,14.85
27,Female,69.5,1.76,171,121,Strength,34.4,22.44
22,Male,62.2,1.84,161,140,Strength,21.5,18.37
53,Female,68,1.7,181,139,HIIT,25.1,23.53
51,Female,56.3,1.5,182,142,Cardio,27.4,25.02
48,Male,94.5,1.7,189,140,Cardio,28.2,32.7
27,Female,58,1.79,164,143,Cardio,27.1,18.1
36,Male,84,1.94,168,123,HIIT,11.2,22.32
49,Male,61,1.87,180,131,Strength,21.3,17.44
18,Female,64.8,1.53,170,141,Yoga,18.6,27.68
22,Male,45.7,1.77,164,139,HIIT,20.7,14.59
21,Male,80.9,1.9,194,137,Yoga,11.7,22.41
33,Female,64.1,1.63,186,120,Strength,16.4,24.13
41,Male,67,1.77,161,149,HIIT,25.6,21.39
33,Male,106.5,1.6,183,152,Strength,27.3,41.6
19,Male,95.1,1.85,190,143,Yoga,25.3,27.79
45,Female,65.5,1.57,192,133,Cardio,34.3,26.57
49,Male,105.7,1.64,198,155,Cardio,29.5,39.3
44,Female,48,1.76,189,124,Yoga,28.6,15.5
37,Female,69.5,1.5,196,130,Cardio,32.8,30.89
41,Male,66.1,1.69,187,143,Yoga,27.4,23.14
29,Male,68,1.7,190,150,HIIT,28.9,23.53
52,Male,50.3,1.78,170,132,HIIT,24.5,15.88
50,Female,69.3,1.68,182,135,HIIT,30.3,24.55
50,Male,86.7,1.63,161,143,Cardio,12.1,32.63
54,Male,125.9,1.94,199,132,Strength,28.5,33.45
29,Male,88.1,1.93,186,143,Cardio,11.1,23.65
20,Male,124.3,1.82,194,145,Cardio,22.4,37.53
18,Male,62,1.85,161,121,Strength,23.7,18.12
50,Female,69.7,1.72,198,135,Strength,27.3,23.56
57,Female,60.9,1.52,196,157,Strength,30.6,26.36
27,Male,76.5,1.97,180,165,Strength,21.3,19.71
46,Male,94.7,1.82,164,120,Cardio,23.2,28.59
30,Male,67.9,1.75,180,168,Yoga,29.1,22.17
29,Male,121.1,1.87,188,130,HIIT,24.1,34.63
48,Female,71.5,1.64,179,154,Yoga,32.5,26.58
19,Male,98.6,1.7,197,162,Cardio,21.1,34.12
52,Female,68.2,1.63,179,148,Strength,27.5,25.67
40,Female,57.7,1.69,184,156,HIIT,33.1,20.2
34,Male,124.6,1.63,161,136,HIIT,27.6,46.9
43,Female,73,1.59,191,158,Yoga,28.9,28.88
25,Female,59.4,1.51,185,161,Cardio,19.8,26.05
46,Female,52,1.65,165,147,Cardio,34.1,19.1
43,Female,42.2,1.65,162,148,Cardio,34.6,15.5
27,Male,89.3,1.64,192,162,HIIT,12.1,33.2
43,Male,110,1.76,160,122,Yoga,22,35.51
51,Female,66.2,1.58,164,129,HIIT,31.3,26.52
58,Male,58.6,1.66,172,161,HIIT,26.8,21.27
24,Male,51,1.67,178,133,Strength,21.3,18.29
21,Male,101.5,1.95,171,131,Yoga,27.9,26.69
28,Male,114.2,1.87,184,166,Strength,20.2,32.66
46,Male,54.4,1.72,194,161,Cardio,24.8,18.39
53,Female,52.4,1.57,171,149,HIIT,28.3,21.26
42,Male,85.2,1.81,189,151,Yoga,13.7,26.01
38,Male,83.6,1.74,164,151,Cardio,11.6,27.61
53,Male,115.4,1.92,193,161,Yoga,28.3,31.3
27,Male,71.2,1.97,181,151,HIIT,25.9,18.35
54,Female,78.1,1.6,198,145,Yoga,32.9,30.51
26,Female,54.2,1.65,172,120,Cardio,34.9,19.91
41,Female,77.6,1.76,162,161,Strength,31.8,25.05
52,Female,44.1,1.62,179,121,HIIT,34.8,16.8
52,Male,85.5,1.8,190,136,Strength,10.1,26.39
53,Female,47.8,1.76,164,149,HIIT,28.4,15.43
35,Male,102.5,1.94,183,158,Cardio,21.1,27.23
56,Male,118,1.9,199,126,HIIT,22.6,32.69
49,Male,82.3,1.84,192,146,Strength,28.4,24.31
41,Male,81.6,1.87,167,128,HIIT,10.2,23.33
40,Male,60.2,1.88,183,141,Cardio,25.2,17.03
49,Female,49.2,1.54,179,153,HIIT,30.7,20.75
54,Female,46.6,1.5,175,165,Strength,30.6,20.71
29,Female,68.7,1.72,171,168,Cardio,29.8,23.22
30,Female,60.6,1.55,172,120,Strength,32.9,25.22
40,Male,52.1,1.61,198,128,HIIT,21.3,20.1
42,Female,46.6,1.77,184,139,Yoga,28.1,14.87
52,Male,65.5,1.74,191,138,Strength,26.2,21.63
58,Female,44.2,1.57,183,155,HIIT,31.9,17.93
47,Male,89.1,1.84,168,159,Yoga,24,26.32
34,Male,65.9,1.62,199,164,Yoga,28.8,25.11
37,Female,55.6,1.57,182,123,Cardio,29.2,22.56
42,Male,63.7,1.98,172,128,Yoga,24,16.25
39,Male,86.2,1.82,191,160,Strength,10.2,26.02
30,Female,59.2,1.63,174,141,Strength,17.8,22.28
36,Male,85.4,1.88,195,137,Yoga,13.5,24.16
53,Female,68.1,1.55,164,131,HIIT,26.1,28.35
29,Female,60,1.62,181,161,Strength,28.1,22.86
58,Female,74.8,1.69,175,162,Strength,32.8,26.19
36,Male,90.3,1.65,169,158,Cardio,23.7,33.17
29,Male,86.1,1.65,183,128,HIIT,11.2,31.63
26,Male,73.7,1.66,177,125,Yoga,26.7,26.75
24,Female,67.7,1.56,177,138,HIIT,27,27.82
45,Male,78.3,1.96,166,167,Cardio,29,20.38
31,Female,48.2,1.65,163,166,Cardio,26.1,17.7
48,Female,56.8,1.51,185,126,HIIT,32.1,24.91
36,Male,112.4,1.63,164,135,Cardio,25,42.3
33,Female,59,1.67,175,124,Cardio,33.7,21.16
22,Male,98.4,1.88,194,135,Cardio,21.3,27.84
52,Male,66.5,1.6,185,120,HIIT,26.8,25.98
29,Male,106.5,1.81,177,156,Cardio,25.7,32.51
42,Male,88.4,1.93,188,158,Yoga,12.4,23.73
38,Male,88.4,1.79,182,138,Yoga,12.5,27.59
53,Female,53.3,1.74,173,156,Strength,32.2,17.6
40,Female,58.1,1.56,174,136,Yoga,34.4,23.87
33,Female,74.2,1.76,192,145,Strength,25.9,23.95
56,Male,84.6,1.63,184,141,HIIT,20.2,31.84
59,Male,78,1.92,180,127,Cardio,28.1,21.16
56,Male,89,1.68,176,152,Yoga,10.5,31.53
31,Female,42.7,1.76,182,121,Strength,34.9,13.78
48,Male,83.9,1.82,176,149,HIIT,13.1,25.33
22,Female,78.7,1.52,173,166,Strength,31.5,34.06
52,Female,65.9,1.52,188,139,Cardio,27,28.52
40,Male,76.9,1.92,179,137,Yoga,22.4,20.86
46,Male,84.3,2,189,162,HIIT,13.3,21.07
28,Female,62.4,1.6,178,129,Strength,34.1,24.37
35,Male,63.7,1.74,198,143,HIIT,29.8,21.04
29,Female,54.9,1.52,172,123,Strength,27,23.76
26,Male,76.4,1.79,177,156,Strength,21.3,23.84
27,Male,106.4,1.86,182,123,Cardio,20.6,30.76
34,Female,68.4,1.5,192,132,Cardio,33.7,30.4
55,Male,63.5,1.86,198,144,Strength,22.9,18.35
24,Female,59.4,1.5,199,132,Yoga,25,26.4
30,Male,113.4,1.91,177,137,HIIT,22.2,31.08
57,Female,61.9,1.52,168,143,HIIT,28.4,26.79
59,Female,70.7,1.68,192,121,Cardio,34.9,25.05
26,Male,111.5,1.9,191,167,Yoga,25.2,30.89
44,Female,72.1,1.66,176,152,Strength,27,26.16
19,Male,56.9,1.87,178,138,Cardio,23.3,16.27
22,Male,86.2,1.9,186,128,Strength,11.7,23.88
46,Male,59.4,1.68,165,147,Strength,20.2,21.05
54,Female,75.6,1.72,194,154,Cardio,26.4,25.55
55,Female,76.3,1.73,196,158,Yoga,32,25.49
36,Male,95.8,1.86,193,129,HIIT,21.2,27.69
25,Male,120.6,1.83,179,120,Cardio,22.3,36.01
18,Female,65.3,1.55,184,161,Yoga,28.5,27.18
39,Male,85.3,1.89,163,140,Strength,27.6,23.88
34,Male,68,1.68,169,128,Cardio,25.8,24.09
24,Female,52.6,1.57,169,166,HIIT,31.9,21.34
42,Male,63.3,1.77,183,134,HIIT,25.7,20.2
21,Female,76.3,1.65,180,154,Strength,31.8,28.03
53,Male,61,1.63,170,124,Cardio,20,22.96
23,Female,67.8,1.61,186,160,HIIT,34.3,26.16
48,Male,114.9,1.86,175,141,Cardio,21.1,33.21
36,Male,88,1.71,185,160,HIIT,12,30.09
56,Female,67.7,1.58,189,142,Strength,32.7,27.12
44,Male,124.8,1.85,175,126,Strength,24.4,36.46
27,Female,53,1.58,166,142,Cardio,34.5,21.23
43,Male,61.2,1.88,175,163,Yoga,24.7,17.32
36,Female,48.7,1.68,194,144,Yoga,33.7,17.25
56,Female,50.6,1.7,175,146,Strength,33.1,17.51
20,Female,72.6,1.73,199,160,HIIT,34.8,24.26
30,Female,70.4,1.56,171,125,Yoga,34.3,28.93
45,Male,52.5,1.88,194,153,Strength,29,14.85
37,Male,76.3,1.77,180,128,HIIT,27.3,24.35
45,Female,41.2,1.58,195,168,HIIT,28.7,16.5
25,Female,55.3,1.76,176,152,Yoga,15.5,17.85
58,Female,49.7,1.67,191,125,Strength,31.9,17.82
56,Male,48.3,1.87,165,156,HIIT,29.8,13.81
18,Male,83.2,1.96,183,150,HIIT,13.6,21.66
20,Male,120.5,1.73,186,153,Cardio,29.3,40.26
30,Male,121.6,2,179,160,Cardio,28,30.4
45,Female,73,1.75,184,148,Yoga,26.6,23.84
42,Female,57.5,1.67,161,133,Cardio,16.2,20.62
50,Female,42.7,1.53,168,155,Strength,28.4,18.24
55,Male,129.9,1.73,187,155,Yoga,21.7,43.4
23,Male,108.6,1.92,197,134,Yoga,25.8,29.46
49,Male,88.6,2,162,127,Cardio,14.9,22.15
38,Female,49.7,1.51,179,145,HIIT,32.6,21.8
33,Female,56.4,1.54,165,155,Strength,29.2,23.78
38,Male,46.9,1.74,198,167,Strength,20,15.49
28,Female,71.3,1.67,192,140,Strength,28.1,25.57
54,Male,71.6,1.86,160,147,Yoga,25.3,20.7
53,Male,82.3,1.61,196,123,Strength,11.6,31.75
52,Female,70.6,1.69,165,135,HIIT,26.1,24.72
36,Male,109.8,1.62,193,141,HIIT,24.4,41.84
37,Female,73.5,1.69,174,131,Cardio,27.5,25.73
35,Male,85.6,1.85,185,135,Strength,14.5,25.01
58,Female,74.6,1.68,173,159,Yoga,26,26.43
31,Female,63.2,1.8,166,157,Cardio,25.5,19.51
32,Female,62.6,1.63,190,161,HIIT,15,23.56
48,Male,87.1,1.76,183,156,Strength,11.6,28.12
18,Male,82.3,1.84,190,148,HIIT,13.3,24.31
20,Female,64.3,1.78,188,137,Cardio,18.7,20.29
33,Female,53.7,1.66,191,129,HIIT,29.5,19.49
40,Male,63,2,176,161,Strength,26.8,15.75
28,Male,128.4,1.86,173,158,Strength,23.6,37.11
29,Male,88,1.89,199,137,Cardio,13.3,24.64
27,Female,63.7,1.52,195,120,Strength,25.4,27.57
49,Male,83.7,1.87,183,158,HIIT,23.9,23.94
33,Male,102.6,1.75,186,140,HIIT,27.9,33.5
25,Female,77.7,1.55,184,120,Yoga,33,32.34
55,Male,87.5,1.88,191,134,Yoga,27.2,24.76
29,Male,87,1.86,177,123,Yoga,11,25.15
41,Male,82.8,1.66,177,139,HIIT,11.2,30.05
45,Female,65.4,1.68,196,129,HIIT,35,23.17
25,Female,47.2,1.71,185,142,Cardio,26,16.14
45,Female,58.2,1.7,168,160,Yoga,26.8,20.14
53,Female,73.5,1.55,194,153,HIIT,26.3,30.59
43,Female,55.2,1.73,167,165,Cardio,16.6,18.44
25,Female,64.4,1.71,179,167,HIIT,27.1,22.02
45,Female,73.5,1.74,181,152,Cardio,30,24.28
45,Male,89.6,1.81,178,153,Yoga,12.4,27.35
54,Male,86.5,1.76,189,158,Yoga,29,27.92
58,Female,46.1,1.67,187,129,Yoga,25.3,16.53
53,Male,68.5,1.97,194,139,HIIT,23.2,17.65
44,Male,94.6,1.84,170,120,HIIT,26,27.94
34,Female,54.2,1.52,190,132,Cardio,31,23.46
26,Male,47.7,1.77,198,120,Strength,24.8,15.23
50,Male,52.2,1.84,195,124,Strength,28.2,15.42
37,Male,88.8,1.95,189,135,Yoga,10.3,23.35
30,Male,101,1.68,182,134,Strength,28.2,35.79
45,Male,118.4,1.95,178,168,Yoga,24.9,31.14
46,Female,47.9,1.72,171,147,Cardio,26.3,16.19
30,Female,51.5,1.74,174,150,Strength,33.9,17.01
52,Female,79.9,1.51,190,142,Strength,31.5,35.04
23,Male,121.3,1.85,196,167,Yoga,21.6,35.44
35,Female,78.9,1.64,196,164,Cardio,25.3,29.34
22,Male,88.5,1.62,174,162,Strength,10.7,33.72
42,Male,73.5,1.63,188,136,Strength,26.1,27.66
19,Male,127.9,1.93,185,168,Strength,21.8,34.34
27,Male,88.5,1.98,161,153,Cardio,11.1,22.57
47,Female,43.4,1.62,179,132,Cardio,25.3,16.54
22,Female,42.8,1.56,174,133,Strength,32.2,17.59
50,Male,64.5,1.79,163,130,Yoga,28.1,20.13
18,Female,50.7,1.53,181,147,Yoga,33,21.66
35,Male,59.2,1.66,197,161,Strength,21.3,21.48
49,Female,78.9,1.73,182,151,Cardio,34,26.36
28,Female,78.7,1.63,185,154,Strength,31.7,29.62
38,Male,68.7,1.92,170,150,Cardio,29,18.64
43,Female,53.1,1.59,187,136,Strength,29.5,21
42,Male,64.8,1.65,161,166,Cardio,24.4,23.8
39,Female,50.3,1.61,167,128,HIIT,32.8,19.41
44,Male,102.3,1.63,188,129,Yoga,20.9,38.5
30,Male,62.9,1.92,170,127,HIIT,25.2,17.06
50,Female,56.5,1.6,196,140,Yoga,19.2,22.07
51,Female,74.6,1.55,177,132,Cardio,33.3,31.05
58,Male,52,1.79,173,169,HIIT,29.6,16.23
52,Female,52.1,1.67,169,124,Yoga,32,18.68
18,Female,72.2,1.54,194,125,Strength,27.1,30.44
38,Male,85.8,1.8,168,149,Cardio,10.1,26.48
23,Male,81.4,1.85,194,150,Cardio,12.4,23.78
45,Female,50.9,1.65,170,136,Strength,30.1,18.7
34,Male,52,1.78,171,130,Strength,22.4,16.41
22,Male,71,1.93,162,139,Yoga,21.2,19.06
48,Male,80.6,1.77,198,167,Cardio,12.9,25.73
22,Female,58.3,1.72,173,128,Yoga,32.6,19.71
55,Female,63,1.7,187,121,Strength,34.9,21.8
20,Male,111,1.94,170,156,Cardio,27.6,29.49
40,Female,52.6,1.66,198,120,Strength,32.9,19.09
54,Male,116.4,2,184,123,Yoga,26.2,29.1
54,Female,75.6,1.61,180,155,Yoga,34.9,29.17
27,Male,61.6,1.8,169,144,Yoga,26.4,19.01
27,Male,108,1.8,174,122,Cardio,28.6,33.33
36,Female,59.3,1.75,178,128,Strength,34.5,19.36
34,Male,75.7,1.94,181,141,Strength,29.3,20.11
38,Female,56.3,1.6,180,142,Yoga,28.8,21.99
31,Female,58.2,1.73,191,131,Yoga,25.8,19.45
26,Male,55.7,1.68,182,129,Yoga,21.7,19.73
18,Male,125.9,1.67,172,153,Yoga,20.6,45.14
30,Female,62.7,1.67,164,162,HIIT,26.1,22.48
21,Male,86.6,1.86,163,129,HIIT,21.8,25.03
18,Male,64.5,1.82,187,149,HIIT,23.4,19.47
57,Male,76.6,1.86,173,141,Yoga,25.4,22.14
49,Male,81.4,1.83,167,125,Yoga,13.6,24.31
51,Male,60.7,1.71,168,169,Strength,22.1,20.76
45,Female,57.2,1.55,194,121,Cardio,18.4,23.81
48,Female,73,1.59,196,149,Strength,32,28.88
25,Male,123.8,1.99,180,121,HIIT,25.6,31.26
56,Male,93.6,1.66,177,151,Strength,29,33.97
43,Male,76.8,1.92,192,161,Yoga,21.1,20.83
51,Female,54.7,1.53,167,135,HIIT,26.8,23.37
20,Male,92.3,1.94,176,131,HIIT,24.3,24.52
29,Female,71.8,1.55,190,120,Cardio,26.3,29.89
18,Female,66.9,1.57,193,127,Cardio,30.7,27.14
22,Female,48.7,1.76,165,167,HIIT,29,15.72
47,Male,66.2,1.71,181,169,HIIT,22.8,22.64
47,Female,40,1.76,173,132,Strength,26.7,12.91
34,Male,112.4,1.85,162,134,HIIT,23.4,32.84
40,Female,70,1.55,171,163,Yoga,31.1,29.14
32,Male,84,1.74,195,127,Strength,25.8,27.74
54,Female,43.8,1.65,171,129,Yoga,26.6,16.09
38,Male,123.3,1.62,161,165,Yoga,21.2,46.98
31,Female,57.9,1.56,161,124,Yoga,15.1,23.79
19,Male,82.4,1.96,174,169,HIIT,10.1,21.45
28,Male,84.8,1.79,182,138,Cardio,28.8,26.47
56,Male,109.6,1.66,188,166,Cardio,20.5,39.77
55,Male,86.4,1.77,176,157,Yoga,27.3,27.58
51,Female,63.9,1.8,191,130,HIIT,33.7,19.72
55,Female,70.8,1.62,166,162,Strength,26,26.98
51,Male,115.3,1.67,189,139,Yoga,24.4,41.34
35,Female,55.3,1.56,187,139,Strength,19.8,22.72
47,Male,73.9,1.8,173,140,Strength,28.3,22.81
32,Male,97.3,1.96,189,137,HIIT,24.9,25.33
44,Female,60.4,1.65,176,169,HIIT,32.6,22.19
51,Male,49.3,1.61,191,129,Cardio,28.3,19.02
55,Male,91.8,1.78,165,153,Cardio,23.5,28.97
50,Female,73.6,1.55,183,145,HIIT,33.9,30.63
41,Male,47.1,1.78,165,149,Yoga,24.7,14.87
32,Male,65.2,1.62,186,128,Cardio,25.3,24.84
47,Male,87.2,1.64,177,165,Strength,15,32.42
59,Male,96.7,1.71,183,150,Yoga,28.4,33.07
34,Female,46.9,1.61,196,161,Strength,28.6,18.09
22,Female,72.1,1.62,183,123,HIIT,25.1,27.47
46,Female,62.5,1.54,197,125,Strength,18.1,26.35
21,Male,110.7,1.69,193,133,Yoga,27,38.76
27,Male,102.6,1.83,199,123,HIIT,26.5,30.64
34,Female,64.3,1.62,174,145,Yoga,19.8,24.5
27,Male,80.7,1.61,170,166,Strength,14.3,31.13
34,Male,115.3,1.81,181,167,Yoga,24.5,35.19
37,Male,87.8,1.69,183,158,HIIT,10.3,30.74
41,Male,74.3,1.61,160,136,Strength,24.8,28.66
22,Female,78.5,1.7,177,138,Strength,31.9,27.16
51,Female,77.3,1.58,171,168,Cardio,31.1,30.96
23,Female,64.5,1.7,187,125,Cardio,30.4,22.32
19,Male,72,1.94,199,148,Yoga,24.7,19.13
30,Female,77.9,1.77,166,130,Cardio,27.9,24.87
28,Female,69.6,1.58,182,135,Cardio,27.8,27.88
40,Male,68.9,1.99,180,149,Cardio,25,17.4
33,Male,45.9,1.89,193,144,Cardio,21.6,12.85
48,Female,68.2,1.69,170,159,HIIT,28.4,23.88
28,Female,79.6,1.59,181,130,HIIT,28.2,31.49
33,Female,53.6,1.52,194,126,Cardio,30.9,23.2
25,Female,57.7,1.58,188,145,Yoga,25.7,23.11
21,Male,74.2,1.93,187,141,HIIT,28.3,19.92
57,Female,64.4,1.56,177,144,Cardio,17.8,26.46
21,Female,54.9,1.78,173,138,HIIT,31.7,17.33
42,Male,50.3,1.64,177,150,Strength,27,18.7
20,Female,46.5,1.68,187,145,HIIT,27.9,16.48
49,Male,57.8,1.99,183,161,HIIT,24.7,14.6
20,Male,83,1.8,167,160,Yoga,29.6,25.62
44,Male,82.5,1.79,167,155,HIIT,13.8,25.75
46,Female,66.5,1.73,163,142,Yoga,34.7,22.22
49,Female,70.2,1.67,186,166,Strength,32.5,25.17
36,Male,121.9,1.93,195,132,Cardio,21.8,32.73
38,Female,70.3,1.52,164,144,Yoga,25.6,30.43
22,Female,40.3,1.56,192,121,HIIT,30.8,16.56
35,Male,101.4,1.76,193,121,HIIT,23.6,32.74
45,Male,79.2,1.95,189,135,Yoga,22.8,20.83
59,Female,75.8,1.77,167,128,Strength,33.1,24.19
39,Male,71.7,1.88,198,147,Cardio,23.7,20.29
38,Female,57.7,1.56,185,132,HIIT,16.6,23.71
23,Female,47.4,1.6,196,154,Strength,33.5,18.52
18,Female,57.2,1.75,193,160,Cardio,33.5,18.68
22,Female,44.8,1.72,166,132,Cardio,28.6,15.14
58,Male,90.2,1.72,199,150,HIIT,28.3,30.49
29,Male,84.9,1.72,187,140,Yoga,14.3,28.7
43,Male,95.7,1.77,198,151,HIIT,24.2,30.55
51,Male,59,1.65,198,153,HIIT,20.7,21.67
31,Female,60.5,1.77,187,127,HIIT,15,19.31
43,Female,53.8,1.72,173,160,Strength,30.2,18.19
44,Male,86.6,1.97,197,167,Yoga,11.7,22.31
26,Female,72.8,1.67,163,121,Strength,35,26.1
43,Female,66.3,1.77,177,157,HIIT,32.7,21.16
39,Female,56,1.6,184,151,Yoga,32.6,21.87
47,Male,45.9,1.93,166,159,Cardio,29.6,12.32
34,Male,88,1.64,197,147,Yoga,14.4,32.72
43,Male,94,1.79,187,156,HIIT,23.2,29.34
53,Female,44.7,1.79,164,160,Yoga,26.7,13.95
18,Male,63.2,1.63,162,120,Cardio,27.5,23.79
25,Male,95.6,1.9,190,160,Cardio,23.8,26.48
52,Male,47.8,1.86,179,129,Yoga,24.7,13.82
32,Male,85.3,1.64,178,123,Cardio,13.2,31.71
39,Male,59.7,1.83,170,154,Strength,29.1,17.83
31,Male,70.2,1.98,199,129,Yoga,24.2,17.91
43,Female,72.7,1.8,162,166,Cardio,32.8,22.44
45,Female,50.4,1.79,182,130,Cardio,27.7,15.73
40,Male,81.7,1.74,166,133,Yoga,27,26.99
31,Male,49.3,1.62,182,157,Strength,20,18.79
41,Female,61.9,1.64,166,131,Yoga,19.4,23.01
19,Female,49.1,1.68,193,164,Cardio,25.3,17.4
43,Male,66.5,1.83,178,136,Yoga,27.1,19.86
31,Male,75.5,1.93,168,135,Cardio,20.5,20.27
24,Male,88.2,1.79,177,154,HIIT,11.3,27.53
20,Male,74.8,1.75,184,121,Yoga,25,24.42
40,Female,72.2,1.6,173,130,Yoga,29.2,28.2
35,Male,62.8,1.63,184,160,Cardio,21.9,23.64
55,Male,84.7,1.79,178,122,Cardio,23.3,26.43
52,Male,116.5,1.69,198,148,Cardio,27.3,40.79
32,Male,77.4,1.92,174,137,Cardio,26.7,21
42,Female,72.9,1.62,175,139,Yoga,25.7,27.78
54,Female,58.4,1.59,186,166,Cardio,32.5,23.1
45,Female,64.3,1.54,199,133,Yoga,15.3,27.11
27,Male,89.3,1.87,169,153,Strength,12.7,25.54
56,Male,90.2,1.61,163,168,Yoga,22.6,34.8
34,Female,59,1.62,178,150,Cardio,30.9,22.48
56,Male,58.7,1.86,187,159,Cardio,22.6,16.97
39,Male,127.5,1.82,180,161,Strength,29.8,38.49
43,Female,68.6,1.52,173,137,Yoga,28.1,29.69
42,Female,56.7,1.53,192,149,Strength,27.4,24.22
34,Female,64.5,1.78,169,144,Yoga,27.8,20.36
30,Female,61.6,1.52,178,138,Cardio,19.5,26.66
37,Male,75.1,1.82,189,127,Yoga,26.4,22.67
42,Male,79.3,1.93,181,147,Cardio,27.3,21.29
21,Female,72.6,1.68,162,127,Cardio,34.2,25.72
27,Male,76.7,1.7,196,150,HIIT,29.1,26.54
20,Female,44.2,1.61,177,122,HIIT,32.4,17.05
58,Female,56.5,1.7,170,122,Yoga,27,19.55
35,Male,100.9,1.63,161,163,Cardio,28.4,37.98
53,Female,55.8,1.55,171,141,Strength,27,23.23
39,Male,58.3,1.93,165,136,Cardio,27.4,15.65
51,Male,48.6,1.77,199,155,Strength,26.9,15.51
25,Male,81.7,1.95,188,136,Yoga,13.8,21.49
57,Male,85.6,1.69,189,133,Yoga,12.7,29.97
36,Female,60,1.72,161,128,Strength,18.2,20.28
59,Male,126.4,1.69,168,149,Strength,29.5,44.26
58,Female,75.4,1.78,161,140,Cardio,26,23.8
54,Female,64.2,1.69,188,131,Yoga,16.5,22.48
23,Female,65.2,1.62,192,156,Cardio,31.1,24.84
43,Female,70.1,1.66,169,151,Strength,34.6,25.44
51,Male,102.6,1.77,193,130,HIIT,21,32.75
23,Male,107.2,1.93,167,139,HIIT,20.2,28.78
54,Female,56.5,1.75,196,154,HIIT,15.3,18.45
50,Female,61.6,1.75,192,166,Strength,25.5,20.11
39,Male,81.7,1.75,165,165,Cardio,29.1,26.68
38,Female,76.6,1.58,199,130,Yoga,32.2,30.68
23,Male,116.8,1.79,178,127,Strength,26.8,36.45
23,Female,60.1,1.59,191,123,HIIT,17.6,23.77
21,Male,93.7,1.73,186,146,Cardio,27.8,31.31
47,Female,41.6,1.58,160,163,Yoga,26.6,16.66
28,Female,55.1,1.79,192,159,Yoga,17,17.2
47,Male,127.1,1.76,199,157,Strength,24.9,41.03
48,Female,69.1,1.6,191,166,Strength,26.1,26.99
41,Female,66.8,1.74,164,149,Yoga,29.2,22.06
26,Male,125.5,1.76,176,163,Yoga,23.2,40.52
20,Female,71.3,1.58,167,167,HIIT,25.4,28.56
48,Male,129.2,1.61,193,167,Yoga,21.4,49.84
57,Male,96.3,1.86,168,146,Strength,27.6,27.84
54,Female,67.5,1.54,182,140,Cardio,25.2,28.46
53,Female,64.4,1.55,194,139,HIIT,19.7,26.81
41,Female,64.9,1.57,166,123,HIIT,25.9,26.33
48,Female,52.3,1.66,174,130,Yoga,33,18.98
23,Female,56.7,1.55,179,132,Cardio,34,23.6
19,Female,46.8,1.63,184,128,HIIT,34.4,17.61
37,Female,70.3,1.77,162,123,Strength,33.7,22.44
45,Male,80.8,1.76,183,131,Yoga,11.4,26.08
28,Female,56,1.5,193,128,Strength,16.7,24.89
21,Male,101.2,1.84,181,132,Yoga,24.3,29.89
32,Female,56.6,1.57,170,167,HIIT,15.7,22.96
23,Female,40.9,1.75,167,145,Yoga,25.2,13.36
47,Male,127.8,1.65,198,157,Cardio,28.7,46.94
55,Female,49.3,1.76,194,161,Strength,30.5,15.92
19,Female,64.3,1.63,197,132,Cardio,18,24.2
32,Male,49.3,1.62,167,158,Strength,29.3,18.79
28,Female,63,1.62,196,147,Strength,31.7,24.01
25,Female,41.1,1.67,186,138,Yoga,31.9,14.74
43,Female,40.5,1.74,187,143,HIIT,32.9,13.38
22,Male,71,1.62,199,138,HIIT,21.2,27.05
23,Female,60.9,1.62,193,168,Cardio,16.8,23.21
43,Female,64.7,1.66,191,132,Yoga,19.8,23.48
21,Female,51,1.71,174,132,HIIT,34.2,17.44
36,Female,57.7,1.77,176,147,Strength,19.4,18.42
37,Male,76.9,1.82,192,121,Strength,24.5,23.22
50,Male,80.5,1.77,175,129,Yoga,14.3,25.7
37,Female,73.3,1.74,188,141,Cardio,25.5,24.21
29,Female,49,1.57,168,132,Yoga,26.5,19.88
18,Male,114.5,1.97,192,128,Cardio,24.1,29.5
43,Male,81,1.78,188,152,Yoga,12.4,25.56
31,Female,53.5,1.76,172,133,Strength,27.6,17.27
55,Male,52.1,1.68,180,167,Yoga,23.6,18.46
54,Female,70.1,1.52,180,139,HIIT,26.6,30.34
28,Male,86.9,1.78,164,134,HIIT,24.9,27.43
53,Male,73.4,1.76,169,151,Yoga,27.9,23.7
30,Male,90,1.66,165,152,Cardio,26.6,32.66
20,Male,85.7,1.92,172,136,Cardio,10.5,23.25
50,Female,70.4,1.55,160,143,Strength,29.9,29.3
23,Male,57.7,1.71,179,149,Strength,27,19.73
27,Male,75.7,1.76,167,132,Cardio,25.3,24.44
22,Female,61.8,1.52,169,166,Yoga,17,26.75
40,Male,80.3,1.76,168,167,Strength,13.1,25.92
27,Male,104.3,1.68,162,135,Cardio,29.7,36.95
19,Female,65.7,1.58,170,121,Cardio,25.9,26.32
30,Male,120.3,1.96,171,136,Yoga,23.9,31.32
57,Female,51.9,1.57,169,151,HIIT,29.1,21.06
19,Female,59.1,1.57,184,162,Cardio,17.9,23.98
37,Female,66.9,1.75,184,127,Strength,26.5,21.84
18,Female,66.9,1.75,170,122,Yoga,26.8,21.84
54,Male,78.7,1.66,195,131,Yoga,22.9,28.56
26,Female,62.4,1.61,198,139,Yoga,19.8,24.07
34,Male,102.1,1.71,185,135,HIIT,27.3,34.92
26,Male,51.9,2,173,133,HIIT,26.6,12.97
28,Male,58.3,2,198,135,Strength,28.2,14.57
32,Male,89.8,1.92,199,168,Strength,10.6,24.36
41,Male,101.1,1.83,160,162,Yoga,28.6,30.19
55,Male,118.6,1.72,163,168,Strength,25.9,40.09
52,Male,84.8,1.85,189,152,Cardio,23.4,24.78
47,Male,80,1.77,171,149,HIIT,28.2,25.54
48,Male,73.1,1.83,194,131,Yoga,28,21.83
22,Male,117.3,1.68,172,134,Yoga,28.5,41.56
31,Female,77.4,1.71,190,137,Cardio,26.2,26.47
28,Female,72.9,1.67,197,147,Cardio,34.7,26.14
26,Female,71.2,1.5,182,142,Cardio,34.6,31.64
51,Male,88.2,1.62,163,133,Cardio,11.8,33.61
29,Female,75.6,1.8,175,149,Yoga,25.7,23.33
52,Female,57.9,1.56,166,152,HIIT,15.8,23.79
52,Female,70.6,1.58,181,164,HIIT,34.9,28.28
18,Male,118.6,1.64,188,134,Cardio,25.6,44.1
57,Male,55.7,1.99,170,126,Strength,23.6,14.07
39,Male,102.3,1.94,192,134,Yoga,22.9,27.18
46,Male,72.6,1.87,188,161,HIIT,22.6,20.76
25,Female,63.8,1.68,198,165,Cardio,31.6,22.6
28,Female,67.3,1.67,171,157,Strength,29.2,24.13
58,Female,59.3,1.58,166,165,Strength,19.8,23.75
54,Female,70.7,1.57,198,163,Cardio,31.8,28.68
31,Male,86.9,1.69,185,130,Yoga,14,30.43
47,Male,98.2,1.9,199,148,HIIT,22.9,27.2
52,Male,63.6,1.62,168,150,Strength,20.8,24.23
38,Female,45.2,1.68,193,144,HIIT,29.9,16.01
54,Male,117.2,1.62,172,143,HIIT,23.1,44.66
22,Male,107.4,1.74,195,138,Strength,22,35.47
36,Female,59.1,1.78,184,121,Cardio,34.5,18.65
31,Female,53.3,1.64,183,141,Strength,29.4,19.82
43,Male,46.2,1.63,176,139,Strength,21.7,17.39
21,Male,67,1.61,161,152,Yoga,22,25.85
42,Male,86.3,1.77,172,127,HIIT,11.4,27.55
59,Male,85.5,1.67,190,144,Cardio,15,30.66
42,Male,70.2,1.87,188,165,HIIT,22.7,20.07
35,Male,127.1,1.62,187,128,Strength,23.3,48.43
57,Female,75.6,1.67,186,153,Cardio,31.6,27.11
25,Female,62.6,1.65,174,142,Cardio,27.9,22.99
56,Female,55.7,1.53,190,124,Cardio,16.1,23.79
57,Male,96.1,1.74,199,144,Cardio,21.6,31.74
31,Female,76.7,1.62,174,127,Yoga,28.1,29.23
49,Male,57.2,1.89,192,135,Cardio,21.1,16.01
55,Male,69.9,1.81,179,167,Strength,20.2,21.34
50,Female,67.9,1.77,171,164,Yoga,33,21.67
40,Male,87.9,1.87,196,134,Strength,10.7,25.14
32,Male,102.8,1.98,168,120,Strength,27.8,26.22
50,Female,51.8,1.5,182,141,HIIT,33,23.02
42,Female,57.7,1.57,167,122,Cardio,17.7,23.41
34,Female,66.5,1.69,191,157,Cardio,28.1,23.28
50,Male,95.4,1.61,173,133,Strength,21.5,36.8
19,Female,69.2,1.6,186,155,Cardio,32.4,27.03
31,Female,66.6,1.67,184,137,Yoga,31,23.88
57,Male,83.4,1.65,172,166,HIIT,13.3,30.63
57,Female,43.8,1.75,180,160,Cardio,25.1,14.3
56,Female,64.2,1.69,190,137,Cardio,19.6,22.48
23,Female,44.1,1.62,196,122,Yoga,25.7,16.8
23,Male,87.3,1.91,164,129,HIIT,11.8,23.93
20,Male,55,1.6,172,168,Yoga,24,21.48
24,Male,87.1,1.74,187,158,Strength,10,28.77
25,Male,66.6,1.61,184,166,Strength,25,25.69
59,Female,60.4,1.76,194,120,Cardio,18.8,19.5
32,Male,126.4,1.83,198,146,HIIT,28.2,37.74
46,Male,88.7,1.63,166,146,Strength,28.8,33.38
